nombreVacante,area,nivelPuesto
Ejecutivo de ventas,Operativo,Operativo
Montacarguista,Producción,Técnico
MECANICO APARATISTA TORNERO FRESADOR,Operativo,Operativo
Almacenista,Operativo,Operativo
Tecnico de molde  ,Producción,Técnico
Técnico mantenimiento industrial,Mantenimiento industrial,Técnico especializado
Traductor,Administración,Mandos medios
Almacenista,Operativo,Operativo
OPERADOR DE PRODUCCION ,Operativo,Operativo
Operador de montacargas,Logística,Técnico
Team Member A,Comercialización,Operativo
Administrador financiero contable,Administración,Técnico especializado
Auxiliar de Control de Archivo,Administración,Operativo
Ejecutivo de Logística y Comercio Internacional,Logística,Mandos medios
Pegador de calzado,Producción,Operativo
PERSONAL DE LIMPIEZA,Operativo,Operativo
Almacenista de pieles,Operativo,Operativo
Auxiliar Contable ,Finanzas y Contabilidad,Técnico especializado
Repartidor en Motocicleta,Operativo,Operativo
Auxiliar contable y cajera,Administración,Técnico especializado
Inspector de calidad,Producción,Operativo
ASESORA DE VENTAS,Comercialización,Técnico
Guardia de seguridad,Administración,Operativo
Ayudante general,Producción,Operativo
Líder de logística,Logística,Operativo
Operador de manufactura ,Operativo,Operativo
Auxiliar de almacén,Operativo,Operativo
Vigilante,Operativo,Operativo
Supervisor administrativo,Administración,Mandos medios
Supervisor de operaciones logísticas,Logística,Mandos medios
Empaque Embarque,Logística,Mandos medios
Coordinador de cuentas por Cobrar,Finanzas y Contabilidad,Mandos medios
Operador de producción de industria metálica,Producción,Operativo
Técnico de producción,Producción,Técnico
System Engineer in Monterrey,Informática,Técnico
Asesor de ventas,Comercialización,Operativo
Team Member A,Comercialización,Operativo
Coordinador de importación y exportación,Logística,Mandos medios
Empleado almacenista,Producción,Técnico
BOMBERO / PARAMÉDICO,Seguridad planta,Técnico especializado
Promotor de ventas,Operativo,Operativo
Lavador de vehículos,Operativo,Operativo
Auxiliar de Logística ,Logística,Técnico
Secretaria facturista,Administración,Técnico
Chofer,Operativo,Operativo
Ayudante de Vendedor,Operativo,Operativo
Abastecedor de materiales,Producción,Operativo
Auxiliar administrativo,Administración,Operativo
Ayudante de Planta ,Operativo,Operativo
costueras,Operativo,Operativo
AYUDANTE GENERAL,Operativo,Operativo
Encargado de seguridad e higiene,Recursos humanos,Mandos medios
Operador de mantenimiento,Operativo,Operativo
Guardia de seguridad,Operativo,Operativo
Ayudante de mecánico,Operativo,Operativo
Cajero,Operativo,Operativo
Hojalatero pintor,Operativo,Operativo
Empacadoras,Producción,Operativo
Chofer de camión repartidor,Operativo,Operativo
Montacarguista,Operativo,Técnico especializado
Almacenista Nocturno,Logística,Operativo
Ingeniero de redes,Informática,Técnico
Empaque Embarque,Logística,Mandos medios
Gerente de ventas,Ventas,Directivos
Asesor de ventas,Comercialización,Operativo
Auxiliar de comedor,Operativo,Operativo
Becario de Operaciones (Mantenimiento),Mantenimiento industrial,Becario
Programador de cnc,Producción,Técnico especializado
Vendedor  comisionista,Comercialización,Mandos medios
Kardista,Administración,Operativo
CHOFER REARTIDOR LOCAL,Operativo,Operativo
Operador de producción ,Producción,Operativo
Mesero,Operativo,Operativo
Traductor,Administración,Mandos medios
OPERADOR DE LAVANDERIA,Operativo,Operativo
INGENIERO AUTOMOTRIZ ,Producción,Técnico especializado
Promotor de ventas,Comercialización,Operativo
TEAM LEADER PRODUCCIÓN,Producción,Mandos medios
Especialista de Mantenimiento,Mantenimiento industrial,Técnico especializado
Asistente de Gerente de Finanzas,Finanzas y Contabilidad,Mandos medios
Mensajero,Logística,Operativo
Matricero,Producción,Técnico especializado
Supervisor de servicios,Operativo,Mandos medios
Gerente de alimentos y bebidas,Administración,Directivos
Sales Representative,Publicidad y Mercadotecnia,Directivos
Supervisor de ventas,Administración,Formación/Modelo dual
Detallador de Obra- Construcción,Operativo,Técnico
Gerente de Sucursal en financiera,Finanzas y Contabilidad,Mandos medios
Auxiliar contable (por incapacidad),Finanzas y Contabilidad,Técnico
Supervisor de técnicos de servicio ,Operativo,Mandos medios
Operador de limpieza,Mantenimiento industrial,Operativo
Operador de Transporte (chofer),Logística,Operativo
Practicante de Recursos Humanos,Recursos humanos,Becario
Auxiliar de Mantenimiento,Mantenimiento industrial,Operativo
Sueprvisor de Proudcción,Producción,Mandos medios
ENCARGADO DE UNIDADES DE MUNICIPIO,Administración,Directivos
Auxiliar de almacén,Operativo,Operativo
Capacitador en software,Informática,Aprendiz
Auxiliar de vinos y licores,Operativo,Operativo
Coordinación de rectoria,Logística,Técnico especializado
Operador de máquinas,Producción,Operativo
Asesor financiero,Administración,Técnico especializado
Preliminares de montado,Producción,Operativo
Ayudante Vending Suplente ,Operativo,Operativo
Bombero,Operativo,Técnico
Agente telefónico de atención a clientes,Operativo,Operativo
Inspector de calidad,Calidad,Mandos medios
Coordinador de ventas,Comercialización,Mandos medios
Recepcionista de hospital,Administración,Operativo
Coordinador de abastecimiento y logística de transporte,Logística,Operativo
Montacarguista,Operativo,Operativo
Capturista,Producción,Operativo
Especialista en redes ,Diseño y marketing,Especialista
Gestor de calidad,Calidad,Operativo
Diseñador gráfico,Publicidad y Mercadotecnia,Técnico especializado
Tecnico de predictivo ,Mantenimiento industrial,Técnico especializado
Ayudante general,Operativo,Operativo
"Coordinador de compras, gastos y presupuestos",Administración,Mandos medios
Auxiliar Administrativo de Plantas de Triturados,Administración,Técnico
GERENTE COMERCIAL,Comercialización,Mandos medios
Facturista,Administración,Operativo
AYUDANTE DE TIENDA,Operativo,Operativo
Auxiliar de producción,Producción,Operativo
Líder de proyecto,Producción,Técnico
Ejecutivo de ventas ,Comercialización,Técnico especializado
Técnico electromecánico,Mantenimiento industrial,Técnico
Analista de procesos ,Calidad,Técnico especializado
Asesor telefónico,Publicidad y Mercadotecnia,Mandos medios
Ayudante general de operación,Operativo,Operativo
Preliminar de corte,Producción,Operativo
Auxiliar de laboratorio de Medicina,Operativo,Operativo
Ayudante general de operación,Operativo,Operativo
Técnico de Mantenimiento,Mantenimiento industrial,Técnico especializado
Chofer/almacenista,Operativo,Operativo
Auxiliar de compras,Administración,Mandos medios
Carpintero de estructuras,Producción,Operativo
Fotógrafo reportero,Publicidad y Mercadotecnia,Técnico especializado
Camarista,Operativo,Operativo
Ejecutivo de ventas,Comercialización,Técnico especializado
Asesor de ventas,Comercialización,Operativo
Analista contable,Finanzas y Contabilidad,Mandos medios
Analista de recursos humanos,Recursos humanos,Mandos medios
Asistente de Gerente de Finanzas,Finanzas y Contabilidad,Mandos medios
Subgerente de Mantenimiento,Mantenimiento industrial,Directivos
SUPERVISORA DE VENTAS,Comercialización,Técnico especializado
TECNICO DE MANTENIMIENTO,Mantenimiento industrial,Técnico
OPERADOR DE PRODUCCION,Operativo,Operativo
auxiliar de cremeria ,Comercialización,Operativo
Ingeniero de mantenimiento mecánico,Mantenimiento industrial,Técnico especializado
Recepcionista ,Operativo,Operativo
Prensista,Producción,Operativo
Técnico electromecánico,Mantenimiento industrial,Técnico
Systgem Engineer in Leon and GTO State,Informática,Técnico
Ingeniero de mantenimiento mecánico,Mantenimiento industrial,Técnico especializado
PERSONAL DE LIMPIEZA,Operativo,Operativo
Promotor para tienda,Comercialización,Operativo
Ingeniero de proyectos,Comercialización,Mandos medios
OPERADOR DE SOLDADURA,Operativo,Operativo
Asesor financiero,Finanzas y Contabilidad,Técnico especializado
Técnico en mantenimiento automotriz,Mantenimiento industrial,Técnico
Intramuro (Seguridad),Operativo,Operativo
Coordinador de ventas,Comercialización,Mandos medios
Lider de EHS,Recursos humanos,Mandos medios
Operador de Producción,Producción,Operativo
Vendedor,Comercialización,Mandos medios
Cocinero/a,Producción,Operativo
auxiliar de soporte tecnico,Informática,Técnico especializado
Técnico electromecánico,Mantenimiento industrial,Técnico
Tugger/Tractorista,Logística,Operativo
Agente de seguros,Comercialización,Operativo
TECNICO DE MOLDES ,Calidad,Técnico
Personal de lavandería,Operativo,Operativo
Muestreador de campo,Operativo,Operativo
Obrero de mantenimiento y reparación de edificios,Mantenimiento industrial,Técnico
Enfermera industrial,Administración,Técnico
Guardia de seguridad,Operativo,Operativo
Operador de producción,Producción,Operativo
Asesor de ventas,Producción,Operativo
Pespuntador,Producción,Operativo
Auxiliar contable,Administración,Operativo
Abastecedor de materiales,Operativo,Operativo
Ingeniero de procesos,Producción,Mandos medios
Practicante de recursos humanos,Recursos humanos,Operativo
Agente de ventas,Comercialización,Operativo
Metrólogo,Calidad,Técnico
AUDITOR DE INGRESOS,Finanzas y Contabilidad,Técnico especializado
Ayudante general,Producción,Operativo
Ayudante general ,Producción,Operativo
INSPECTOR DE RUTA,Logística,Operativo
Montacarguista,Logística,Operativo
Técnico en alimentos y bebidas,Operativo,Operativo
Camarista,Operativo,Operativo
Auxiliar de cocina,Operativo,Operativo
Coordinador de abastecimiento y logística de transporte,Logística,Operativo
Ayudante general,Producción,Operativo
Traductor Japones-Inglés-Español,Administración,Mandos medios
LIMPIEZA INDUSTRIAL ,Operativo,Operativo
Pailero,Operativo,Técnico
Vendedor/a de mostrador,Operativo,Operativo
Contador de costos,Finanzas y Contabilidad,Mandos medios
Supervisión de producción,Producción,Mandos medios
Production Control Assistant Manager,Producción,Directivos
Jefe de seguridad e higiene,Recursos humanos,Mandos medios
Operador de manufactura ,Operativo,Operativo
Médico laboral,Recursos humanos,Mandos medios
Ayudante de limpieza,Operativo,Operativo
Analista de recursos humanos,Mantenimiento industrial,Mandos medios
Chofer de camioneta,Operativo,Operativo
Repartidor en Motociclera,Operativo,Operativo
COSECHADOR DE HORTALIZAS,Comercialización,Operativo
Sales Representative A,Comercialización,Técnico especializado
Gerente de ventas ,Finanzas y Contabilidad,Mandos medios
Especialista en logística automotriz,Logística,Mandos medios
Asesor telefónico,Operativo,Operativo
Guardia de seguridad,Operativo,Operativo
ASESORA DE VENTAS,Comercialización,Técnico
Auxiliar administrativo,Administración,Becario
CHOFER BODEGUERO ,Operativo,Operativo
AUXILIAR ADMINISTRATIVO,Administración,Mandos medios
OPERADOR DE PRODUCCIÓN,Operativo,Operativo
Instalador de Carpinteria,Producción,Técnico
Auxiliar de Fotografía,Operativo,Operativo
Operador de camión de volteo,Operativo,Operativo
Nominista,Administración,Técnico especializado
Analista de Compras MRO,Finanzas y Contabilidad,Técnico
Asesor telefónico de cobranza,Operativo,Operativo
Cajero de tienda de autoservicio,Operativo,Operativo
Ingeniero de preventa,Comercialización,Técnico especializado
Asesor telefónico,Operativo,Operativo
Almacenista,Operativo,Operativo
Agente de ventas,Administración,Mandos medios
Auxiliar administrativo,Administración,Operativo
Ingeniero estructural,Administración,Técnico especializado
ANALISTA DE PACAS,Calidad,Técnico
Cortador Flash Cut,Producción,Operativo
DESPACHADOR DE GASOLINA,Operativo,Operativo
Suplente de preventa,Comercialización,Operativo
Ayudante General de Obra ,Construcción,Operativo
Promotor de ventas,Operativo,Operativo
Inspector de calidad en industria metal mecánica,Calidad,Operativo
Abastecedor,Producción,Operativo
Auxiliar administrativo,Administración,Mandos medios
Ayudante general,Operativo,Operativo
Auxiliar de Lácteos,Operativo,Operativo
Auxiliar contable,Finanzas y Contabilidad,Mandos medios
Recepcionista ,Administración,Técnico
Agente de ventas,Operativo,Operativo
Operador de cafeteria,Operativo,Operativo
Inspector de calidad,Calidad,Operativo
Mozo de areas Publicas,Operativo,Operativo
Cambiador de moldes,Producción,Técnico
Auxiliar contable,Finanzas y Contabilidad,Mandos medios
Ingeniero en sistemas de cómputo,Informática,Técnico especializado
Departamento de Negocios de Viajes Mercado Japonés,Comercialización,Técnico
Ingeniero mecánico industrial,Operativo,Técnico especializado
operador de cnc,Producción,Operativo
Soldador en industria metal mecánica,Operativo,Operativo
 CHOFER DE PATIO,Comercialización,Operativo
Auxiliar contable,Finanzas y Contabilidad,Operativo
DESPACHADOR ANALISTA,Administración,Técnico
AYUDANTE GENERAL,Comercialización,Operativo
Surtidor,Comercialización (compras y ventas),Operativo
Carpintero ,Producción,Técnico
Guardia de Seguridad,Operativo,Operativo
Almacenista de materia prima,Almacén,Operativo
Auxiliar de producción,Operativo,Operativo
Barman,Operativo,Técnico
AUXILIAR CONTABLE ,Finanzas y Contabilidad,Mandos medios
Operador de Costura ,Operativo,Operativo
Chofer de reparto en ruta,Logística,Operativo
SUPERVISORA DE VENTAS,Comercialización,Técnico especializado
Supervisores/ras y Capacitadores/ras-Asistentes Electorales,Operativo,Operativo
Chofer de 12 toneladas,Logística,Operativo
Ingeniero de Producto,Producción,Mandos medios
Operador de maquinaria industrial,Producción,Operativo
OPERADOR DE PRODUCCION,Producción,Operativo
Cajero de máquina registradora,Comercialización,Operativo
Especialista en DWH e inteligencia de Negocios,Informática,Mandos medios
Operador de máquina fresadora y troqueladora ,Producción,Operativo
Ayudante general ,Producción,Operativo
Auxiliar centro de tienda,Operativo,Operativo
Ayudante de soldador,Operativo,Operativo
FONTANERO,Operativo,Operativo
Adornadora ,Operativo,Operativo
Preliminar de avíos,Operativo,Operativo
Practicante de Recusos Humanos,Recursos humanos,Becario
Guardia de seguridad,Operativo,Operativo
Operador de producción,Operativo,Operativo
Asistente administrativo,Administración,Técnico
Agente de ventas mostrador,Operativo,Operativo
ALMACENISTA DE REFACCIONES,Logística,ope
Gerente de control de producción,Producción,Directivos
Ayudante general ,Ayudante general ,Operativo
Guardia de seguridad,Operativo,Operativo
Montacarguista,Logística,Operativo
Ayudante general de operación,Logística,Operativo
ALMACENISTA /SURTIDOR,ALMACEN,Operativo
Chofer,Logística,Operativo
Cajero de máquina registradora,Administración,Mandos medios
Guardia de seguridad,Operativo,Operativo
Auxiliar de seguridad e higiene,Administración,Técnico especializado
Montacarguista en industria metal mecánica,Operativo,Operativo
SUPERVISOR DE PATIO,MANTENIMIENTO ,Operativo
Auxiliar de prevención de pérdidas,Operativo,Operativo
"AYUDANTES GENERALES AREA PINTURA, SOLDADURA, MAQUINADOS",Operativo,Operativo
Analista de inventario,Operativo,Mandos medios
Tecnico de Mantenimiento,Mantenimiento industrial,Técnico especializado
Operador de producción de industria metálica,Producción,Operativo
Ingeniero de desarrollo de productos,Producción,Técnico especializado
Afanador/a,Operativo,Operativo
Representante de ventas,Publicidad y Mercadotecnia,Mandos medios
Telefonista,Operativo,Operativo
Encargado de sucursal,Producción,Operativo
Ayudante general de operación,Producción,Operativo
Especialista de IT,Informática,Mandos medios
Técnico en mantenimiento automotriz,Mantenimiento industrial,Técnico
Mecánico General ,Mantenimiento industrial,Técnico especializado
Diseñador de marroquinería,Administración,Técnico
Ejecutivo Telefónico,Asuntos jurídicos,Mandos medios
Personal de Limpieza,Operativo,Operativo
Practicante de recursos humanos,Recursos humanos,Practicante
Montacarguista,Operativo,Operativo
Recepcionista de hotel,Administración,Técnico
ASESORAS/ES,Asuntos jurídicos,Mandos medios
Jardinero,Operativo,Operativo
AYUDANTE GENERAL ,Producción,Operativo
Almacenista,Administración,Operativo
Especialista de Empaque,Logística,Técnico
Traductor Japones-Inglés-Español,Administración,Mandos medios
Repartidor en motocicleta,Operativo,Operativo
Coordinador de almacén,Operativo,Técnico especializado
Auxiliar administrativo,Administración,Mandos medios
Agente de ventas mostrador,Operativo,Operativo
Inspector de Calidad PT ,Calidad,Técnico
Ayudante de mantenimiento preventivo y correctivo,Mantenimiento industrial,Técnico
Finite Element Analysis Engineer,Diseño Mecanico ,Especialista 
Pespuntador,Producción,Operativo
Auxiliar de almacén,Comercialización,Operativo
Soldador,Producción,Operativo
Charolera,Operativo,Operativo
Auxiliar de almacén,Operativo,Operativo
Operador de producción de industria metálica,Producción,Operativo
Cajero Mixto,Operativo,Operativo
Asesor telefónico medio tiempo,Operativo,Operativo
Tecnico Ajustador,Mantenimiento industrial,Técnico
Asesor de ventas,ventas,Operativo
Ejecutivo de ventas,Administración,Mandos medios
SUPERVISOR DE SEGURIDAD PRIVADA ,Operativo,Operativo
Asesor telefónico general,Finanzas y Contabilidad,Operativo
Ejecutivo de Reclutamiento y Selección ,Recursos humanos,Operativo
ASESORA DE VENTAS,Comercialización,Técnico
Asesor telefónico de Atención a clientes,Operativo,Operativo
Auxiliar contable,Finanzas y Contabilidad,Técnico
Ingeniero de procesos,Producción,Técnico especializado
Gerente de ventas ,Finanzas y Contabilidad,Mandos medios
TECNICO EN HOJALATERIA Y PINTURA,Operativo,Operativo
Auxiliar administrativo,Administración,Mandos medios
Conductor de montacargas,Logística,Operativo
Contador público ,Finanzas y Contabilidad,Mandos medios
Staff de Ingeniería,Mantenimiento industrial,Mandos medios
Asesor telefónico,Comercialización,Operativo
Almacenista,Operativo,Operativo
Técnico en áreas generales,Operativo,Técnico
TÉCNICO INSTALADOR ELECTROMECÁNICO,Mantenimiento industrial,Operativo
asesor de credito,Comercialización,Mandos medios
operador de torton,Logística,Operativo
Ejecutivo de Ventas,Administración,Mandos medios
Chofer de camión repartidor,Logística,Operativo
Cost Analyst,Finanzas y Contabilidad,Mandos medios
Técnico en mantenimiento,Mantenimiento industrial,Técnico especializado
ERP Engineer,Informática,Técnico
Guardia de Seguridad,Operativo,Operativo
Cocinero/a,Producción,Operativo
Ingeniero de calidad en industria manufacturera de plásticos,Calidad,Técnico especializado
Sales Representative A,Comercialización,Técnico especializado
System Engineer in Monterrey,Informática,Técnico
Practicante de Recursos Humanos,Recursos humanos,Practicante
Almacenista,Operativo,Técnico
Ejecutivo de Reclutamiento y Selección ,Recursos humanos,Operativo
Mecánico Diésel,Operativo,Operativo
OPERADOR DE PRODUCCION (NIVEA- DENSO- DNMEX),Operativo,Operativo
Auxiliar de crédito y cobranza,Finanzas y Contabilidad,Técnico especializado
Auxiliar contable,Administración,Técnico
Gerente de contabilidad,Logística,Mandos medios
ASISTENTE DE DIRECCION,Dirección general,Técnico especializado
Auxiliar de lacteos y congelados,Operativo,Operativo
Encargado de turno,Operativo,Operativo
Asesor financiero,Finanzas y Contabilidad,Mandos medios
OPERADOR DE PRODUCCION ,Producción,Operativo
PROMOTOR DE TELEFONIA CELULAR,Comercialización,Operativo
Abogado,Asuntos jurídicos,Mandos medios
Técnico de Mantenimiento Industrial,Mantenimiento industrial,Técnico
Especialista en logística automotriz,Logística,Mandos medios
Traductor,Administración,Mandos medios
Surtidor de materias primas,Operativo,Operativo
Técnico instalador,Operativo,Operativo
Analista contable,Logística,Operativo
Auxiliar de mantenimiento,Operativo,Operativo
Ayudante de limpieza,Operativo,Operativo
Operador de Producción,Producción,Operativo
Operador de montacargas para manipulación de material,Operativo,Operativo
Chofer vendedor,Publicidad y Mercadotecnia,Técnico
Recepcionista de hospital,Administración,Operativo
Almacenista de materia prima,Operativo,Operativo
Guardia de seguridad,Recursos humanos,Operativo
PERSONAL DE LIMPIEZA,Operativo,Operativo
COORDINADOR DE NOMINAS,Recursos humanos,Mandos medios
Empleado de contabilidad,Finanzas y Contabilidad,Mandos medios
Topógrafo,Operativo,Operativo
Auxiliar técnico en sistemas de seguridad,Operativo,Operativo
Auxiliar contable,Finanzas y Contabilidad,Operativo
vendedor Fonráneao,Comercialización,Técnico especializado
Analista de mercados aglicolas,Comercialización,Técnico especializado
Supervisor de calidad,Producción,Mandos medios
AYUDANTE VENDEDOR AGUA,Comercialización,Operativo
Picker,Operativo,Operativo
Instalador de GPS,Informática,Operativo
Vigilante,Operativo,Operativo
Cortador de madera ,Producción,Operativo
Ejecutivo de ventas,Comercialización,Mandos medios
Operador de transporte público,Operativo,Operativo
EJECUTIVO DE VENTAS ,Comercialización,Técnico especializado
Operador de máquina para lavandería,Operativo,Operativo
Técnico en refrigeración y aires acondicionados,Operaciones ,Técnico especializado
Operador de torton,Logística,Operativo
Auxiliar control de producción,Logística,Mandos medios
Supervisor Administrativo,Administración,Mandos medios
ADMINISTRADOR E IMPLEMENTADOR DE SISTEMAS IT,Informática,Técnico especializado
Mesero,Producción,Operativo
Operador de inyectora de plástico,Operativo,Operativo
Cajero de tienda de autoservicio,Producción,Operativo
Vendedor/a de mostrador,Operativo,Operativo
Auxiliar contable,Finanzas y Contabilidad,Técnico
Atención al cliente,Comercialización,Practicante
Administracion y Recruso Humano,Administración,Practicante
Operador de estacionamiento,Administración,Operativo
Auxiliar general de embarque,Logística,Operativo
Cocinero de comida fría,Producción,Operativo
Auxiliar de lacteos y congelados,Operativo,Operativo
Picker,Operativo,Operativo
Chofer vendedor,Comercialización,Operativo
CONTADOR,Administración,GERENCIAL
Becario administrativo,Producción,Practicante
Guardia de seguridad,Operativo,Operativo
Asesor financiero,Finanzas y Contabilidad,Técnico especializado
ASESOR COMERCIAL CAMBACEO,Comercialización,Operativo
Gerente de capacitación y desarrollo,Recursos humanos,Mandos medios
Guardia de seguridad,Operativo,Operativo
Rebajador de casco y contrafuerte,Producción,Operativo
Auditor nocturno,Operativo,Operativo
Setter CNC,Producción,Técnico
Asistente de reclutamiento,Recursos humanos,Técnico especializado
Atención a clientes de panadería,Operativo,Operativo
Mecánico Diésel de Maquinaria Pesada,Mantenimiento industrial,Técnico especializado
Hostess,Operativo,Operativo
Montacarguista,Logística,Operativo
Auxiliar contable,Administración,Mandos medios
Ayudante electromecánico de mantenimiento,Producción,Técnico especializado
Ayudante de limpieza,Operativo,Operativo
Agente de ventas,Comercialización,Mandos medios
Mensajero,Operativo,Operativo
Supervisor de producción ,Producción,Mandos medios
"Analista de Rastreo de Unidades, Analista de Cámaras Seguridad",Logística,Técnico especializado
OFICIAL EN PREVENCION PENITENCIARIA ,Operativo,Operativo
Inspector de calidad,Producción,Operativo
Chofer vendedor,Operativo,Operativo
Auditor interno,Finanzas y Contabilidad,Mandos medios
Surtidor,Producción,Operativo
Asesor telefónico de ventas,Operativo,Operativo
Chef de Partie,Producción,Mandos medios
Técnico de mantenimiento industrial,Mantenimiento industrial,Técnico especializado
Técnico de producción automotriz,Producción,Técnico
Lider de Produccion,Producción,Técnico
Recepcionista,Administración,Mandos medios
Jefe de crédito y cobranzas,Administración,Mandos medios
Ejecutivo de ventas,Operativo,Operativo
Practicante de Lean Manufacturing,Producción,Practicante
Herrero,Producción,Técnico
auxiliar de limpieza,Operativo,Operativo
PLANEADOR DE PRODUCCIÓN,Producción,Mandos medios
Auditor de Cajas de Cobro,Finanzas y Contabilidad,Mandos medios
Estibador,Logística,Operativo
Asesor telefónico,Asuntos jurídicos,Operativo
Auxiliar de almacén,Logística,Operativo
Técnico en refrigeración y aires acondicionados,Operativo,Técnico especializado
PERSONAL DE LIMPIEZA ,Producción,Operativo
Auxiliar de farmacia,Operativo,Operativo
Agente de ventas mostrador,Comercialización,Operativo
Practicante de recursos humanos,Recursos humanos,Operativo
Ayudante general,Operativo,Operativo
Auxiliar de recibo y bodega,Operativo,Operativo
Ingeniero civil ,Operativo,Mandos medios
Inteligencia de la información IT,Producción,Técnico
Operador de montacargas,Logística,Operativo
Coordinador administrativo de recursos humanos,Recursos humanos,Mandos medios
Operador de Producción,Producción,Operativo
Recepcionista ,Operativo,Operativo
SOLDADOR ,Mantenimiento industrial,Técnico 
Agente de ventas,Administración,Mandos medios
Ayudante de mantenimiento preventivo y correctivo,Mantenimiento industrial,Operativo
Traductor,Administración,Mandos medios
Asistente,Asuntos jurídicos,Operativo
Auxiliar de mantenimiento,Mantenimiento industrial,Técnico
Pespuntador de muestras,Operativo,Operativo
Almacenista/Surtidor,Producción,Operativo
Operador de producción de industria metálica,Operativo,Operativo
Suplente de reparto,Operativo,Técnico
Analista de calidad de productos alimenticios,Calidad,Técnico especializado
cajero departamental ,Operativo,Operativo
Adornadora,Operativo,Operativo
Electromecánico,Mantenimiento industrial,Técnico especializado
Ayudante general,Producción,Operativo
Consultor de sistemas,Informática,Técnico
CAJERO ATC,Administración,Operativo
Técnico electrónico de mantenimiento,Mantenimiento industrial,Técnico
DESPACHADOR ANALISTA,Administración,Técnico
Auxiliar de seguridad e higiene,Administración,Técnico especializado
Telefonista,Operativo,Operativo
Laboratorista ,Operativo,Operativo
ASESOR VENTAS ,Comercialización,Operativo
ESPECIALISTA PROCESOS DE INGENIERIA ,Producción,Mandos medios
Mensajero en moto,Operativo,Operativo
System Engineer in Leon and State of GTO,Informática,Técnico
Auxiliar de ingeniería,Calidad,Técnico especializado
Asesor comercial,Comercialización,Mandos medios
Asistente de ventas,Comercialización,Mandos medios
Gerente de capacitación y desarrollo,Recursos humanos,Técnico
Senior de compras ,Administración,Mandos medios
Inspector de calidad,Operativo,Operativo
SUPERVISOR DE PRODUCCIÓN,Producción,Mandos medios
Auxiliar administrativo mantenimiento,Mantenimiento industrial,Mandos medios
ASESORA DE VENTAS,Comercialización,Técnico
LIDER DE PROYECTO,Producción,Mandos medios
Chofer de tráiler,Logística,Operativo
Chofer vendedor,Comercialización,Técnico
Auxiliar contable,Administración,Técnico
Contador público ,Finanzas y Contabilidad,Mandos medios
Coordinador de importación y exportación,Logística,Mandos medios
Auxiliar administrativo mantenimiento,Mantenimiento industrial,Mandos medios
Supervisor de producción,Producción,Mandos medios
Operador de tráiler,Operativo,Técnico especializado
Herrero,Operativo,Operativo
Analista de crédito y cobranza,Finanzas y Contabilidad,Mandos medios
Coordinador Business Plan,Administración,Mandos medios
Agrónomo,Producción,Mandos medios
PRACTICANTE RECURSOS HUMANOS,Recursos humanos,Mandos medios
Operador de manufactura ,Operativo,Operativo
Production Group Leader,Producción,Mandos medios
PESPUNTADOR DE BOLSA,Producción,Operativo
IATF Personnel,Calidad,Técnico especializado
Asistente de reclutamiento,Recursos humanos,Técnico especializado
Técnico de mantenimiento Maquinado,Mantenimiento industrial,Técnico
AYUDANTE DE PRODUCCIÓN,Producción,Operativo
Electromecánico,Mantenimiento industrial,Técnico especializado
ASESORA DE VENTAS,Comercialización,Técnico
Encargado de  Depósito,Comercialización,Mandos medios
Operador de Ensamble ,Operativo,Operativo
RECEPCIONISTA NOTURNO,Administración,Técnico
Becario Administrativo,Administración,Becario
Chofer mensajero,Administración,Operativo
Chofer,Logística,Operativo
Auxiliar de ventas,Administración,Técnico
Auxiliar contable,Administración,Operativo
Operador de máquina de corte y forma de metales,Producción,Operativo
Cajero universal,Operativo,Operativo
POLICIA EN FORMACION,Operativo,Operativo
Operador de producción,Operativo,Operativo
Administrador financiero contable,Administración,Técnico especializado
Mecánico matricero,Mantenimiento industrial,Técnico especializado
Preventa en Moto,Operativo,Técnico
Practicante Reclutamiento,Recursos humanos,Becario
Técnico en mantenimiento automotriz,Mantenimiento industrial,Técnico especializado
Almacenista,Comercialización,Operativo
Especialista IATF / SGC,Administración,Mandos medios
Staff Fotografía,Operativo,Operativo
Vendedor,Comercialización,Operativo
VENDEDOR AGUA,Operativo,Operativo
Ayudante general de operación,Producción,Operativo
Atención al cliente,Operativo,Operativo
Mecánico Diésel,Logística,Técnico especializado
Almacenista,Operativo,Operativo
Técnico en logística de almacenamiento,Logística,Técnico
Sales Representative A,Comercialización,Técnico especializado
Auditor interno,Finanzas y Contabilidad,Técnico especializado
Auxiliar de producción,Producción,Operativo
Ingeniería de producción,Mantenimiento industrial,Técnico
Vendedor técnico,Operativo,Operativo
Camarista,Operativo,Operativo
Hostess,Operativo,Operativo
Especialista IATF 7 SGC,Administración,Mandos medios
gerente de control de producción ,Producción,Directivos
Asistente administrativo,Administración,Becario
Auditor interno,Administración,Técnico especializado
Comprador,Producción,Técnico especializado
Jefe de Limpieza,Operativo,Mandos medios
Operador de mantenimiento,Mantenimiento industrial,Operativo
Lider de producción,Producción,Operativo
Promotor de ventas,Comercialización,Operativo
Ingeniero electricista,Mantenimiento industrial,Técnico
Agente de ventas,Operativo,Operativo
Matricero,Producción,Técnico especializado
Auxiliar administrativo,Administración,Técnico
Auxiliar de mantenimiento,Mantenimiento industrial,Técnico
Auxiliar de nóminas,Administración,Mandos medios
Operador,Producción,Operativo
Técnico mantenimiento industrial,Mantenimiento industrial,Técnico
Técnica/o de Laboratorio,Calidad,Técnico especializado
Sales Representative A,Comercialización,Técnico especializado
Área de contabilidad,Finanzas y Contabilidad,Mandos medios
Auxiliar de cocina,Producción,Operativo
Tecnico de subestaciones ,Mantenimiento industrial,Técnico especializado
Representante de ventas,Comercialización,Mandos medios
Practicante de Recursos Humanos,Recursos humanos,Becario
Vendedor/a de mostrador,Operativo,Operativo
Capturista,Logística,Operativo
tecnico de maquinado  CNC,Producción,Técnico
Ingeniero Automotriz (Recién Graduado),Producción,Técnico especializado
Chofer,Operativo,Operativo
Adornadora,Producción,Operativo
Chofer Reparto Irapuato,Operativo,Técnico
Auxiliar de embarques Nocturno,Logística,Operativo
Encargado de seguridad e higiene,Producción,Mandos medios
Supervisor de almacén,Logística,Operativo
auxiliar de mantenimiento ,Mantenimiento industrial,Técnico
AUXILIAR ,Operativo,Operativo
inspector de calidad,Calidad,Operativo
Mecánico de mantenimiento industrial,Mantenimiento industrial,Técnico especializado
Almacenista ,Producción,Operativo
LAVADOR / DETALLADOR,Operativo,Operativo
Ejecutivo de Ventas,Comercialización,Operativo
Analista de sistemas,Informática,Practicante
Chofer de camión repartidor,Operativo,Operativo
Vendedor de mostrador,Operativo,Operativo
jefe de taller,Operativo,Técnico especializado
Guardia de seguridad,Operativo,Operativo
Chofer de unidad,Logística,Operativo
AYUDANTE VENDEDOR AGUA,Operativo,Operativo
Operador de transporte público,Logística,Operativo
Diseñador gráfico,Publicidad y Mercadotecnia,Técnico especializado
AUXILIAR DE MANTENIMIENTO ,Mantenimiento industrial,Técnico
Operador de producción,Producción,Operativo
Agente de ventas,Producción,Mandos medios
Ejecutivo de implementación sistema SAP BO,Informática,Mandos medios
LIDER DE FLOTILLA,MANTENIMIENTO ,Operativo
Ejecutivo de Ventas,Comercialización,Operativo
Desarrollador de software,Producción,Técnico
Analista de costos e inventarios,Finanzas y Contabilidad,Mandos medios
soldador de microalambre,Operativo,Operativo
Guardia de seguridad,Operativo,Operativo
Capturista,Logística,Operativo
Ayudante Vending Suplente ,Operativo,Operativo
Vigilante,Operativo,Operativo
Promotor de cambaceo residencial,Producción,1
Operador de producción,Producción,Operativo
operador de maquina CNC,Producción,Operativo
AUXILIAR DE CARNICERÍA,Operativo,Operativo
Hornero,Producción,Operativo
Auxiliar contable,Finanzas y Contabilidad,Técnico especializado
Vendedor/a departamental ,Operativo,Operativo
Auxiliar de producción,Operativo,Operativo
ASESOR DE COBRANZA ,Finanzas y Contabilidad,Técnico especializado
AYUDANTE GENERAL ,Operativo,Operativo
Ingeniero Automotriz (Recién Graduado),Producción,Técnico especializado
Auxiliar de Fotografía,Operativo,Operativo
Asesor de Ventas,Comercialización,Operativo
LIMPIEZA GENERAL ,Operativo,Operativo
Operador de producción ,Producción,Operativo
Ayudante de limpieza,otro,Operativo
Ejecutiva de Admisión,Administración,Técnico
Técnica/o de mantenimiento,Mantenimiento industrial,Técnico especializado
Auxiliar de mantenimiento,Operativo,Técnico
asistente de equipaje ,Operativo,Operativo
Ayudante general,Operativo,Operativo
Técnico de Mantenimiento,Mantenimiento industrial,Técnico especializado
Ayudante general,Producción,Operativo
Encargado de seguridad e higiene,Recursos humanos,Mandos medios
Operador de produccion,Operativo,Operativo
Asesor de ventas comercio al por menor,Comercialización,Operativo
Tender Analyst (Encargado de licitaciones),Logística,Operativo
ERP System Consultant,Informática,Técnico
Camarista,Operativo,Operativo
Asistente o Sub Jefe de salchichonería ,Administración,Mandos medios
Ayudante de mantenimiento preventivo y correctivo,Mantenimiento industrial,Operativo
Chofer,Operativo,Operativo
Técnico en mantenimiento industrial,Mantenimiento industrial,Técnico especializado
Mecánico automotriz,Operativo,Técnico
Residencias profesionales,Ingenieria del Producto,Practicante
Auxiliar de Mecanico Automotriz,Mantenimiento industrial,Técnico especializado
Ayudante de limpieza,Administración,Operativo
Coordinador de mercadotecnia,Publicidad y Mercadotecnia,Técnico especializado
Coordinador de ventas,Comercialización,Mandos medios
Cardador,Producción,Operativo
PERSONAL DE LIMPIEZA,Operativo,Operativo
Coordinador de finanzas,Finanzas y Contabilidad,Mandos medios
ADMINISTRADOR E IMPLEMENTADOR DE SISTEMAS IT,Informática,Técnico especializado
Auxiliar de almacén,Operativo,Operativo
Cocinero/a,Operativo,Operativo
Operador de Producción,Producción,Operativo
Auxiliar de informática,Informática,Técnico especializado
Planeador de materiales,Logística,Mandos medios
Montacarguista,Logística,Operativo
Representante de ventas,Publicidad y Mercadotecnia,Mandos medios
Ayudante general,Operativo,Operativo
Auxiliar de mantenimiento,Operativo,Operativo
Supervisor de ventas,Administración,Mandos medios
Analista de recursos humanos,Recursos humanos,Mandos medios
Sueprvisor de Proudcción,Producción,Mandos medios
Auxiliar de Monitoreo ,Operativo,Técnico
operador de producción,Producción,Operativo
Vendedor Plaza Mayor,Comercialización,Operativo
Ingeniero Automotriz,Producción,Técnico especializado
TECNICO DE MANTENIMIENTO A MONTACARGAS,Mantenimiento industrial,Técnico
Especialista de importaciones y exportaciones ,Administración,Mandos medios
Comprador,Producción,Técnico especializado
Asesor financiero a emprendedores,Publicidad y Mercadotecnia,Mandos medios
Vigilante,Operativo,Operativo
Repartidor de mercancías,Operativo,Operativo
Auxiliar de laboratorio de Medicina,Operativo,Operativo
Asistente de Salchichonería,Administración,Mandos medios
Pormotor,Comercialización,Técnico
Ejecutivo de Logística y Comercio Internacional,Logística,Mandos medios
TÉCNICO DE MANTENIMIENTO,Operativo,Técnico
Líder de producción,Producción,Técnico
Operador de Producción,Operativo,Técnico
Ayudante general,Recurtido y Acabado,Operativo
Ejecutivo de Operacion Tienda en Linea,Publicidad y Mercadotecnia,Mandos medios
Jefe de aseguramiento de calidad,Calidad,Mandos medios
Elemento de Protección Seguridad ,Administración,Operativo
Vigilante,Administración,Mandos medios
Staff de Administración,Administración,Mandos medios
Licitaciones area construccion,Dirección general,Mandos medios
Chofer de camión de carga,Operativo,Operativo
Ayudante general de operación,Producción,Operativo
Guardia de seguridad,Seguridad,Operativo
Auxiliar administrativo,Administración,Mandos medios
COORDINADORA DE NOMINAS,Finanzas y Contabilidad,Mandos medios
Inspector de Piel ,Calidad,Operativo
Electromecánico,Mantenimiento industrial,Técnico especializado
Inspector de calidad en industria metal mecánica,Calidad,Operativo
Pespuntador,Producción,Operativo
Vendedor  comisionista,Administración,Mandos medios
Auxiliar de cocina,Producción,Operativo
Administrador de riesgos para seguros ,Administración,Técnico especializado
Técnico de producción,Producción,Técnico
Guardia de seguridad,Operativo,Operativo
Mecánico de mantenimiento industrial,Mantenimiento industrial,Operativo
Supervisor de limpieza ,Mantenimiento industrial,Mandos medios
Analista de calidad,Calidad,Mandos medios
MÉDICO CIRUJANO,Administración,Técnico especializado
Almacenista,Operativo,Operativo
Auxiliar de Die Casting ,Producción,Técnico especializado
Personal de Limpieza o Aseo,Operativo,Operativo
Electromecánico,Mantenimiento industrial,Técnico especializado
Auxiliar de diseño gráfico ,Calidad,Técnico especializado
Ayudante general madereria ,Producción,Operativo
OPERADORES DE TRANSPORTE PUBLICO,Operativo,Operativo
Auxiliar Técnico,Mantenimiento industrial,Operativo
Almacenista ,Producción,Operativo
Vendedor a detalle,Comercialización,Operativo
TECNICO DE CALIDAD,Calidad,Técnico
"operador para acabado de piezas de aluminio, operador de maquina inyectora, operador de maquinado",Producción,Operativo
Analista de recursos humanos,Administración,Técnico especializado
Promotor de ventas,Comercialización,Operativo
Jefe de oficina,Administración,Operativo
Ayudante general,Operativo,Operativo
Representante de ventas,Comercialización,Mandos medios
POLICIA Y POLICIA VIAL,Operativo,Operativo
SUPERVISOR DE CAMPO,Operativo,Mandos medios
Supervisor de ventas,Administración,Formación/Modelo dual
Carpintero,Producción,Técnico
TAMBORERO,Producción,Técnico
Carnicero o 1/2 Carnicero,Operativo,Operativo
INGENIERO DE PRODUCTO,Operativo,Técnico especializado
Ejecutivo de ventas y atención al cliente,Operativo,Operativo
ARMADOR DE BOLSA,Producción,Operativo
Asesor de Módulos,Operativo,Operativo
Opl/Almacenista,Logística,Operativo
Auxiliar de Limpieza / Intendencia,Operativo,Operativo
Soldador en industria metal mecánica,Mantenimiento industrial,Operativo
vendedor Fonráneao,Comercialización,Técnico especializado
Lavaloza,Operativo,Operativo
OPERADOR DE PRODUCCION,Operativo,Operativo
Cocinero de comida fría,Producción,Operativo
Hojalatero pintor,Operativo,Técnico
auxiliar de cajero ,Comercialización,Operativo
Auxiliar de cocina,Producción,Operativo
Auxiliar de compras,Administración,Mandos medios
Ayudante general,Logística,Operativo
OPERADOR DE ENSAMBLE,Producción,Operativo
Auxiliar de resurtido de abarrotes,Operativo,Operativo
Auxiliar de reclutamiento y selección,Recursos humanos,Mandos medios
Auxiliar de Lavanderia,Operativo,Operativo
Analista de sistemas,Informática,Mandos medios
Auxiliar de etiquetado y señalización,Operativo,Operativo
Operador de montacargas para manipulación de material,Logística,Operativo
Ejecutivo de operacion tienda en linea,Publicidad y Mercadotecnia,Mandos medios
Auditor interno,Administración,Técnico especializado
Operador de máquinas,Producción,Operativo
Auxiliar de embarques Nocturno,Logística,Operativo
Auxiliar de mantenimiento,Mantenimiento industrial,Técnico
EMBANCADOR,Producción,Operativo
Especialista de Cuentas por Cobrar y Ventas,Finanzas y Contabilidad,Técnico especializado
Guardia de seguridad,Operativo,Operativo
Técnico laboratorista químico automotriz,Calidad,Técnico especializado
Técnico Laboratorista Químico Automotriz,Calidad,Técnico especializado
Motociclista mensajero,Logística,Operativo
Production Group Leader,Producción,Mandos medios
Montacarguista,Logística,Operativo
Montacarguista,Logística,Técnico
Policía y Policía vial,Operativo,Operativo
Auxiliar Técnico (mantenimiento),Mantenimiento industrial,Operativo
Guardia de seguridad,Recursos humanos,Operativo
Analyst Cost Management,Finanzas y Contabilidad,Mandos medios
Ayudante de limpieza,Operativo,Operativo
Electromecánico,Mantenimiento ,Técnico
Auxiliar de mantenimiento,Mantenimiento de instalaciones,Operativo
Auxiliar de almacén,Operativo,Operativo
Staff de Ingeniería,Mantenimiento industrial,Mandos medios
Cajero/a,Operativo,Operativo
Jefe de aseguramiento de calidad,Operativo,Mandos medios
Despachador,Operativo,Operativo
Contador público ,Finanzas y Contabilidad,Mandos medios
"Negocio BPO (Norteamérica, Centro y Sudamérica)",Comercialización,Operativo
Técnico electricista ,Operativo,Técnico especializado
INGENIERO DE MRO ,Logística,Mandos medios
Chofer de camión de carga,Finanzas y Contabilidad,Operativo
Ejecutivo de ventas,Logística,Operativo
Ayudante general,Operativo,Operativo
JEFE DE TALLER,Mantenimiento,Técnico especializado
Ejecutivo Ventas,Operativo,Operativo
EJECUTIVO DE CUENTAS CLAVE,Administración,Técnico
Vigilante,Operativo,Operativo
Asesor telefónico,Operativo,Operativo
Becario de recursos humanos,Administración,Prácticamente 
Analista de cobranza,Asuntos jurídicos,Operativo
Operador de producción,Producción,Operativo
Lider de Almacen,Comercialización,Técnico especializado
Auxiliar control de producción,Logística,Mandos medios
Montacarguista,Logística,Operativo
Ejecutivo de ventas,Logística,Operativo
Almacenista Matutino,Logística,Operativo
CHOFER DE TRAILER,Operativo,Operativo
Analista de recursos humanos,Mantenimiento industrial,Mandos medios
Electricista industrial ,Mantenimiento industrial,Técnico
Chofer custodio,Administración,Directivos
Traductor ,Administración,Mandos medios
Supervisor Procesos (Ing. Químico),Producción,Mandos medios
Operador de montacargas,Operativo,Operativo
Agente de ventas ,Operativo,Operativo
Picker (Pick&Go),Operativo,Operativo
Abogado,Asuntos jurídicos,Operativo
Chofer ,Logística,Operativo
CHOFER ,Operativo,Operativo
Cocinero/a,Operativo,Operativo
Auxiliar de reclutamiento y selección,Recursos humanos,Mandos medios
Tecnico de Mantenimiento ,Producción,Técnico
MECANICO DIESEL,MANTENIMIENTO ,Operativo
OPERADOR DE PRODUCCIÓN,Operativo,Operativo
Jefe calidad,Comercialización,Mandos medios
Electromecánico,Mantenimiento industrial,Operativo
Chofer de personal y cobranza,Operativo,Operativo
Líder de producción,Producción,Técnico
Guardia de Seguridad,otro,Operativo
IATF Personnel,Calidad,Técnico especializado
Chofer vendedor,Operativo,Operativo
OPERADOR GENERAL,Operativo,Operativo
Auxiliar administrativo,Administración,Técnico especializado
asistente de equipaje ,Operativo,Operativo
Operadores en general,Operativo,Operativo
Guardia Armado,Operativo,Operativo
Operador de máquina para la fabricación de tubos,Producción,Operativo
Cocinero de comedor industrial,Operativo,Técnico
Chofer de camión de carga,Administración,Operativo
Operador de producción de industria metálica,Operativo,Operativo
Montacarguista,Producción,Operativo
Rebajador,Producción,Operativo
Analista de calidad,Operativo,Operativo
AYUDANTE GENERAL,Producción,Operativo
AYUDANTE DE TIENDA ,Comercialización (compras y ventas),Operativo
Coordinador de ventas,Informática,Operativo
TRADUCTOR JAPONES,Comercialización,Mandos medios
Técnico de Mantenimiento,Logística,Operativo
Representante de ventas (Outside Sales),Operativo,Técnico
Chofer de Camioneta Estacas (LIC C),Logística,Técnico
operador de producción terminado,Operativo,Operativo
Albañil de construcción,Mantenimiento industrial,Operativo
Administrador de Proyecto,Comercialización,Técnico
Ejecutivo de ventas,Administración,Mandos medios
Auxiliar de almacén,Logística,Mandos medios
Obrero de mantenimiento y reparación de edificios,Mantenimiento industrial,Técnico
Auxiliar administrativo,Recursos humanos,Operativo
Auxiliar de ingeniería,Administración,Técnico especializado
INSPECTOR DE CALIDAD PRODUCTO TERMINADO,Calidad,Técnico
Asesor de ventas,Comercialización,Operativo
PLANEADOR DE PRODUCCIÓN,Producción,Mandos medios
Staff de Logística,Logística,Técnico especializado
Logístico con experiencia en almacén,Logística,Mandos medios
Tecnico de calidad,Calidad,Técnico
Agente de ventas,Comercialización,Operativo
Operador de producción,Producción,Operativo
Tecnico en Mantenimiento,Operativo,Técnico
Lavaloza,Operativo,Operativo
Atención al cliente,Comercialización,Practicante
Especialista en marketing digital,Publicidad y Mercadotecnia,Aprendiz
Supervisor/Supervisora Electoral (SE) ,Operativo,Operativo
Agente de ventas mostrador,Operativo,Operativo
Laboratorista clínico,Producción,Técnico
Especialista de Capacitación,Recursos humanos,Mandos medios
Representante Comercial de Laboratorio (Foraneo ),Logística,Operativo
Tornero,Operativo,Operativo
Guía Turístico / Atención y servicio al cliente,Operativo,Técnico
Analista de plataforma,Administración,Mandos medios
Técnico electromecánico,Producción,Técnico
Personal de Limpieza / Intendencia,Operativo,Operativo
Operador de máquina para tintura de cueros,Producción,Operativo
Auxiliar de Mantenimiento / Rolar Turnos,Mantenimiento industrial,Técnico
MONTACARGAS (P),Logística,Operativo
SOLDADORES,Producción,Operativo
Auxiliar de producción ,Producción,Operativo
Gerente de calidad,Calidad,Directivos
AYUDANTES GENERALES ,Producción,Operativo
OPL/ALMACENISTA,Logística,Operativo
TUGGER/TRACTORISTA,Logística,Operativo
Mecánico de diésel,Mantenimiento industrial,Operativo
OPL/AYUDANTE GENERAL,Logística,Operativo
Supervisor de Mantenimiento,Mantenimiento industrial,Mandos medios
Guardia de seguridad,Operativo,Operativo
MONTACARGAS (VW),Logística,Operativo
Supervisor de montado,Administración,Técnico
Promotor de Autoservicios,Comercialización,Operativo
técnico fumigador,Operativo,Mandos medios
OPERADOR DE DOBLEZ ,Producción,Operativo
Técnico de moldes,Producción,Operativo
Asesor de crédito,Finanzas y Contabilidad,Operativo
Operador de corte,Operativo,Operativo
Esmaltador,Producción,Operativo
Auxiliar de alteraciones (Costurera),Operativo,Operativo
Esmaltador ,Producción,Operativo
Encargado de tienda,Operativo,Operativo
Edecan de eventos especiales,Publicidad y Mercadotecnia,Operativo
Auxiliar de cocina,Operativo,Operativo
Auxiliar de producción,Producción,Operativo
Especialista en Prevención,Operativo,Operativo
Chofer vendedor,Operativo,Operativo
CAJERO VENDEDOR,Operativo,Operativo
Implementador,Administración,Técnico
ASESORA DE VENTAS (IRAPUATO),Comercialización,Técnico
Vendedor de boutique plaza Mulza,Comercialización,Técnico
Ayudante de almacen ,Operativo,Operativo
Velador,Operativo,Operativo
Auxiliar Administrativo de Cobranza,Administración,Operativo
VENDEDOR / CAJERO,Operativo,Operativo
Preventa a moto Irapuato,Comercialización,Mandos medios
PERSONAL DE LIMPIEZA,Operativo,Operativo
Preventa en moto Leon,Comercialización,Mandos medios
Auxiliar de cocina,Calidad,Operativo
GUÍA TURÍSTICO,Operativo,Técnico
Supervisor de producción ,Producción,Mandos medios
Cargador / Estibador,Producción,Operativo
Encargado de sucursal,Operativo,Operativo
AUXILIAR DE MATENIMIENTO GENERAL,Mantenimiento industrial,Técnico
Mecánico ,Mantenimiento industrial,Operativo
Mecánico ,Mantenimiento industrial,Técnico especializado
Mecánico eléctrico,Mantenimiento industrial,Técnico especializado
Auxiliar de mantenimiento,Operativo,Técnico especializado
Operador de producción ,Producción,Operativo
Auxiliar de producción,Producción,Operativo
Vigilante,Operativo,Operativo
Auxiliar contable,Finanzas y Contabilidad,Mandos medios
Técnico en fumigación,Operativo,Operativo
Cajero/a,Administración,Operativo
Empleado general varias áreas,Operativo,Operativo
Asesor financiero,Finanzas y Contabilidad,Mandos medios
Tecnico automotriz con atencion al cliente,Operativo,Técnico especializado
Auxiliar de Mentenimiento General,Mantenimiento industrial,Técnico
Almacenista,Operativo,Operativo
Maniobrista,Producción,Operativo
Auxiliar de limpieza,Operativo,Técnico
Lavaloza,Producción,Operativo
Chofer de camión de carga,Operativo,Operativo
Guardia de seguridad,Operativo,Operativo
GUARDIAS DE SEGURIDAD,Operativo,Operativo
LAVADOR/DETALLADOR AUTOMOTRIZ,Operativo,Operativo
Auxiliar de mantenimiento General,Mantenimiento industrial,Técnico
Operador de Torton,Logística,Operativo
AYUDANTE DE ALMACEN,Logística,Operativo
Electricista ,Operativo,Operativo
PROMOTOR DE CAMBACEO SENIOR,Comercialización,Operativo
COCINERO,Operativo,Técnico especializado
Pick & Go,Operativo,Operativo
Encargado de limpieza,Administración,Operativo
Ayudante de soldador,Operativo,Operativo
MESERO,Operativo,Operativo
HOSTESS,Operativo,Operativo
Gerente de operaciones,Producción,Directivos
Auxiliar de almacén,Operativo,Operativo
OPERADOR DE CAJAS,Operativo,Operativo
TECNICO DE TEÑIDO DE CINTA POLYESTER,Producción,Técnico especializado
Auxiliar de almacén,Operativo,Operativo
Corredor,Operativo,Operativo
Auditor de Inventarios ,Operativo,Operativo
Asesor de ventas,Operativo,Operativo
Técnico en mantenimiento HVAC (refrigeración y aire acondicionado)Técnico en Mantenimiento HVAC (Refrigeración y Aire Acondicionado),Operativo,Técnico especializado
Jefe de crédito y cobranzas,Administración,Mandos medios
repartidor en motocicleta,Operativo,Operativo
Operador de producción de industria metálica,Producción,Operativo
SUPERVISOR DE CAJAS,Operativo,Mandos medios
CHOFER PARA TRASLADO DE PERSONAL,Operativo,Operativo
Tecnico profesional en el área Juridica,Asuntos jurídicos,Técnico
Oficial de seguridad,Operativo,Operativo
Reclutador,Recursos humanos,Mandos medios
Secretaria facturista,Administración,Operativo
TECNICO AUTOMOTRIZ,Operativo,Técnico
Ayudante general,Operativo,Operativo
Vigilante,Administración,Operativo
Mecánico de diésel,Logística,Técnico especializado
Asesor de ventas,Operativo,Operativo
procurador de fondos,Administración,Mandos medios
Analista de almacén,Logística,Técnico
Oficial de seguridad,Operativo,Operativo
Operador de mantenimiento,Operativo,Operativo
TÉCNICO EN REFRIGERACIÓN,Mantenimiento industrial,Técnico
Auxiliar de mantenimiento,Mantenimiento industrial,Operativo
Guardia de seguridad,Operativo,Operativo
GUIA DE TURISTAS (Atención al cliente y Ventas),Operativo,Operativo
AUXILIAR MECÁNICO DIESEL,Logística,Técnico
Corrector,Operativo,Operativo
Inspector de calidad ,Calidad,Operativo
MECANICOS DIESEL,Mantenimiento industrial,Operativo
TAQUILLERO (Atención al Cliente y Ventas),Operativo,Operativo
AUXILIAR DE CREDITO Y COBRANZA,Administración,Operativo
Chofer,Operativo,Técnico
Parrillero,Operativo,Operativo
Guardia de seguridad,Operativo,Mandos medios
Inspector de calidad,Calidad,Operativo
Gestor Legal,Asuntos jurídicos,Mandos medios
Ayudante general,Operativo,Operativo
Ayudante general de operación,Operativo,Operativo
Operador de calidad,Producción,Operativo
Auxiliar de calidad,Calidad,Técnico
Administrador de proyecto arquitectónico,Comercialización,Mandos medios
Lavaloza ,Producción,Operativo
Chofer vendedor,Comercialización,Operativo
Gerente de Ventas,Comercialización,Directivos
Técnico en Áreas Generales,Operativo,Técnico especializado
PROMOTORA,Operativo,Operativo
Auxiliar administrativo,Administración,Operativo
Auxiliar de almacén,Operativo,Operativo
Guardia de seguridad,Operativo,Operativo
Operador de pipa,Producción,Mandos medios
Abogado mercantil,Asuntos jurídicos,Mandos medios
Guardia de seguridad,Operativo,Mandos medios
Auxiliar comercializacion ,Administración,Operativo
Guardia de seguridad patrimonial,Administración,Mandos medios
Auxiliar de almacén,Operativo,Operativo
Maestro carpintero,Producción,Técnico especializado
Auxiliar contable,Finanzas y Contabilidad,Técnico especializado
M3 Mantenimiento A,Mantenimiento industrial,Operativo
Auxiliar de Recursos humanos,Administración,Operativo
Vacante de prueba,Asuntos jurídicos,Técnico especializado
Mecánico ,Logística,Operativo
"TÉCNICOS ELECTRÓNICOS, ELÉCTRICOS Y ELECTROMECÁNICOS",Mantenimiento industrial,Técnico
Técnico electricista ,Operativo,Técnico
Ayudante de limpieza,Producción,Operativo
OPERADOR DE TRANSPORTE ,Operativo,Operativo
Asesor de ventas,Administración,Operativo
Operador de producción de industria metálica,Producción,Operativo
Almacenista,Administración,Operativo
Auxiliar de operaciones,Operativo,Operativo
Oficial de seguridad ,Operativo,Operativo
CAJERA,Administración,Técnico especializado
Operador de producción,Producción,Operativo
Cajero de tienda de autoservicio,Operativo,Operativo
Carnicero,Operativo,Operativo
Verificador de credito y cobranza ,Operativo,Operativo
Vacante de prueba (No postularse),Comercialización,Directivos
tecnico en reparacion de electrodomesticos,Operativo,Técnico especializado
Vendedor de piso,Comercialización,Operativo
Verificador  de credito ,Operativo,Operativo
TÉCNICO INSTALADOR,Operativo,Técnico
asesor de ventas ,Finanzas y Contabilidad,Operativo
Técnico en electricidad,Operativo,Técnico especializado
"ALMACENISTA, MONTACARGUISTA",Operativo,Operativo
Analista de salud ocupacional,Administración,Técnico especializado
Auxiliar de Limpieza / Intendencia,Operativo,Operativo
Encagado del departamento de recursos contables,Finanzas y Contabilidad,Mandos medios
Soldador experiencia en TIG,Producción,Operativo
Soldador TIG,Producción,Técnico
Encargado del departamento derecursos contables,Finanzas y Contabilidad,Mandos medios
Psicólogo,Administración,Técnico especializado
Operador de full,Logística,Operativo
COCINERO ,Operativo,Operativo
OPERADOR DE CNC,Operativo,Operativo
Auxiliar de almacén de materiales,Administración,Técnico especializado
LAVADOR DE AUTOS,Operativo,Operativo
Montacarguista,Operativo,Operativo
Auxiliar de Fotografía (Ventas y Atención al Cliente),Operativo,Operativo
Empacador,Producción,Operativo
Tecnico de mantenimiento ,Mantenimiento industrial,Técnico especializado
Asesor telefónico,Operativo,Operativo
Ejecutivo de ventas,Logística,Técnico especializado
Auxiliar de producción,Producción,Operativo
Mecánico ,Operativo,Operativo
Asesor en Operación y Logística de Eventos ,Logística,Mandos medios
Auxiliar contable,Administración,Técnico
auxiliar de ventas,Operativo,Operativo
Molinero,Producción,Operativo
Procurador de fondos,Administración,Mandos medios
Ingeniero electricista,Mantenimiento industrial,Técnico especializado
Chofer de camión repartidor,Comercialización,Operativo
Asesor de ventas,Comercialización,Operativo
Ingeniero  en Sistemas,Informática,Operativo
Analista de recursos humanos,Recursos humanos,Directivos
Asesor telefónico,Operativo,Operativo
Mesero,Operativo,Mandos medios
Estibador,Operativo,Operativo
Auxiliar de producción,Producción,Operativo
Ayudante de cocina,Producción,Operativo
AUXILIAR DE NOMINA,Administración,Mandos medios
Coordinador ocurre y reparto,Logística,Técnico
Estibador,Operativo,Operativo
Auxiliar contable,Finanzas y Contabilidad,Operativo
Ayudante general de operación,Producción,Operativo
Tecnico en mantenimiento de equipo de impresión,Operativo,Técnico
Vendedora de mostrador ,Comercialización,Técnico especializado
monitorista/seguridad,Administración,Técnico
Guardia de seguridad,Operativo,Operativo
Auxiliar de mantenimiento,Mantenimiento industrial,Mandos medios
Guardia de seguridad,Operativo,Operativo
Reparador de aparatos electrodomésticos,Administración,Mandos medios
Contador,Finanzas y Contabilidad,Técnico especializado
Ingeniero de mantenimiento eléctrico,Mantenimiento industrial,Técnico especializado
Mecánico ,Operativo,Operativo
CAJERO/VENDEDOR/BARISTA,Operativo,Técnico especializado
Chofer de transporte de carga pesada,Operativo,Operativo
Vendedor (Mulza),Comercialización,Operativo
Ayudante de limpieza,Comercialización,Operativo
Técnico Inst,Operativo,Operativo
Asesor de ventas,Comercialización,Mandos medios
Asesor telefónico - ATENCIÓN AL CLIENTE,Operativo,Operativo
Montacarguista,Operativo,Operativo
Supervisor de producción ,Producción,Operativo
ALMACENISTA CHOFER,Logística,Operativo
Montacarguista,Logística,Operativo
Auxiliar administrativo,Administración,Mandos medios
CHOFER ADMINISTRATIVO,Administración,Técnico especializado
Auxiliar de jardinería de servicios de paisajismo,Operativo,Operativo
Auxiliar de cocina ,Operativo,Operativo
Herrero,Mantenimiento industrial,Técnico
Encargado de compras y presupuestos,Operativo,Operativo
CAMARISTA,Operativo,Operativo
Jefe de sistemas,Administración,Mandos medios
Guardia de seguridad,Operativo,Operativo
Programador de producción,Logística,Mandos medios
Auxiliar de embarques,Administración,Operativo
Despachador de gasolina,Operativo,Operativo
Operador de línea,Operativo,Operativo
Analista de compras,Administración,Mandos medios
Auxiliar de Tesoreria,Finanzas y Contabilidad,Mandos medios
Ayudante general,Producción,Operativo
Afanador/a,Operativo,Operativo
Montacarguista,Producción,Operativo
Auxiliar de almacén,Comercialización,Mandos medios
OPERADOR DE LAVANDERIA,Operativo,Operativo
Auxiliar de almacén,Operativo,Operativo
Camarista,Calidad,Operativo
Ejecutivo de call center,Producción,Operativo
Promotor de ve,Comercialización,Operativo
Operador de maquinaria industrial,Producción,Operativo
Auxiliar General ,Logística,Operativo
SOLDADOR DE MICROALAMBRE,Operativo,Operativo
ELEMENTO DE SEGURIDAD PRIVADA,Operativo,Operativo
Auxiliar de cocina,Operativo,Mandos medios
Psicólogo,Administración,Mandos medios
Preventa a moto irapuato - guanajuato,Operativo,Mandos medios
Supervisor de turno,Operativo,Operativo
Ejecutivo de ventas,Logística,Técnico especializado
Auxiliar administrativo,Administración,Técnico
Programador de Producción en Calzado,Administración,Mandos medios
Contador público ,Finanzas y Contabilidad,Mandos medios
OPERADOR DE SOLDADURA,Operativo,Operativo
Ejecutivo de ventas,Operativo,Operativo
Chofer de transporte de carga pesada,Logística,Operativo
Topógrafo,Operativo,Mandos medios
Operador de producción,Producción,Operativo
inpector de calidad en autos ,Logística,Operativo
Coordinador de Mercadeo Nocturno,Operativo,Mandos medios
Cobrador,Administración,Operativo
Chofer,Operativo,Técnico
Contador público ,Finanzas y Contabilidad,Mandos medios
Analista Administrativo Tecnologías de la Información ,Informática,Mandos medios
Becario Data Entry,Administración,Becario
Almacenista,Administración,Mandos medios
Chofer,Dirección general,Técnico especializado
AUXILIAR / TECNICO EN AIRE ACONDIONADO,Operativo,Operativo
Ayudante en aire condicionado / Tecnico en Aire Acondicionado,Operativo,Operativo
Operador de mantenimiento,Operativo,Operativo
Asesor telefónico,Operativo,Operativo
Guardia de seguridad,Operativo,Operativo
operador de corte plasma,Operativo,Operativo
Guardia de seguridad,Operativo,Operativo
Contador público ,Finanzas y Contabilidad,Mandos medios
Cocinero/ Parrillero,Comercialización,Operativo
AUXILIAR DE PREVENCIÓN DE PÉRDIDAS,Operativo,Operativo
ATENCIÓN AL CLIENTE MEDIO TIEMPO,Operativo,Operativo
Practicante de Fisioterapia,Recursos humanos,Becario
Mecanico B,Logística,Técnico
Vendedores,Comercialización,Operativo
Prueba,Administración,Directivos
Auxiliar de reclutamiento y selección,Administración,Mandos medios
Auxiliar de embarques y paquetería,Logística,Mandos medios
Operador de máquina de coser,Producción,Operativo
Operador de producción ,Producción,Operativo